Name,Expertise A,Expertise B,Expertise C,Email
Melissa Cook,Drought risk assessment ,Climate Risk Assessment,Climate Change Adaptation,joshua83@example.net
James Munoz,Sustainable Development,Renewable Energy,Climate Modeling,darrell23@example.org
Matthew Walsh,Carbon Sequestration,Environmental Economics,Climate Modeling,janice32@example.net
Alejandro Best,Atmospheric Science,Climate Change Adaptation,Geophysics,amber90@example.org
Amy Barrett,Environmental Policy,Oceanography,Environmental Economics,swilson@example.org
Claire Wilkins,Oceanography,Atmospheric Science,Climate Change Adaptation,ramireznicholas@example.com
Leslie Kelly,Atmospheric Science,Climate Communication,Meteorology,ehaynes@example.com
William Burke,Environmental Economics,Remote Sensing,Climate Change Adaptation,donnamartinez@example.org
Andrea Gutierrez,Climate Modeling,Renewable Energy,Environmental Policy,jwiggins@example.com
Mark Jones,Greenhouse Gas Emissions,Climate Change Adaptation,Ecology,mshelton@example.org
Sherry Lee,Soil moisture monitoring,Global Warming,Meteorology,david14@example.net
Erika Yates,Radar ,Climate Data Analysis,Renewable Energy,carlsoncrystal@example.org
Erin Bender,Climate Modeling,Ecology,Climate Communication,bradleylisa@example.net
Jordan Walker,Anticipatory Action,Hydrology,Oceanography,james88@example.com
Jason Kelley,Remote Sensing,Climate Data Analysis,Greenhouse Gas Emissions,stephen92@example.org
Dr. Derrick Dickson,Environmental Policy,Atmospheric Science,Climate Change Adaptation,aaron45@example.org
Adam Martinez,Global Warming,Greenhouse Gas Emissions,Meteorology,fjohnson@example.net
Tiffany Ray,Sustainable Development,Greenhouse Gas Emissions,Hydrology,davidwilliams@example.org
Emily Wolfe,Disaster risk finance,Carbon Sequestration,Climate Change Adaptation,michaelwilliams@example.org
Nicholas Harris,Remote Sensing,Geophysics,Hydrology,tylervaughan@example.net
Carol Martinez,Carbon Sequestration,Climate Communication,Sustainable Development,bartonashley@example.com
Patrick Reed,Atmospheric Science,Carbon Sequestration,Meteorology,petersenpaula@example.org
Megan Taylor,Climate Communication,Environmental Economics,Renewable Energy,elizabethallen@example.com
Jasmine Scott,Hydrology,Ecology,Greenhouse Gas Emissions,taylormason@example.org
Nicholas Howard,Atmospheric Science,Meteorology,Climate Risk Assessment,sbryan@example.org
Ashley Sparks,Global Warming,Climate Change Adaptation,Sustainable Development,oschultz@example.org
Jessica Watkins,Flood forecasting,Oceanography,Climate Data Analysis,nunezalexandria@example.org
Jimmy Walker,Atmospheric Science,Environmental Economics,Paleoclimatology,ellisbonnie@example.com
Christine Cobb,Environmental Policy,Oceanography,Climate Communication,shieldscolin@example.com
Jessica Smith,Greenhouse Gas Emissions,Climate Communication,Hydrology,juanburns@example.org
Joann Stewart,Carbon Sequestration,Renewable Energy,Climate Modeling,andreacruz@example.com
Gary Roberts,Climate Modeling,Meteorology,Global Warming,tammybarnett@example.com
Brittany Fernandez,Meteorology,Climate Data Analysis,Ecology,mariajackson@example.net
John James,Oceanography,Renewable Energy,Climate Modeling,dawngardner@example.com
Rhonda Gibson,Remote Sensing,Paleoclimatology,Oceanography,diana91@example.org
Lori Schmidt,Environmental Economics,Paleoclimatology,Atmospheric Science,colemanwendy@example.net
Nancy Nelson,Remote Sensing,Global Warming,Climate Communication,david07@example.com
Jennifer Meyer,Hydrology,Environmental Policy,Sustainable Development,james83@example.com
Chelsey Green,Geophysics,Environmental Economics,Climate Change Adaptation,simpsonwilliam@example.com
Emily Perez,Renewable Energy,Atmospheric Science,Ecology,pricerachel@example.com
Joe Stephenson,Hydrology,Meteorology,Climate Communication,kylebrown@example.net
Tyler Ramirez,Climate Change Adaptation,Climate Communication,Climate Modeling,robertrodriguez@example.org
Nancy Richards,Geophysics,Paleoclimatology,Climate Data Analysis,daniel76@example.net
Hunter Suarez,Paleoclimatology,Atmospheric Science,Climate Communication,hobbsrobert@example.net
Lauren Sims,Global Warming,Paleoclimatology,Ecology,markharrison@example.org
Veronica Moore,Climate Data Analysis,Renewable Energy,Geophysics,tylereverett@example.net
John Bell,Climate Data Analysis,Climate Risk Assessment,Greenhouse Gas Emissions,mcmahontricia@example.org
Brianna Tucker,Climate Risk Assessment,Sustainable Development,Global Warming,gerald36@example.com
Natalie Smith,Oceanography,Sustainable Development,Carbon Sequestration,sandra60@example.com
Leah Richmond,Global Warming,Greenhouse Gas Emissions,Paleoclimatology,blakebilly@example.net
Justin Mcconnell,Greenhouse Gas Emissions,Climate Risk Assessment,Paleoclimatology,ellisondarrell@example.org
Lauren Atkins,Climate Change Adaptation,Climate Data Analysis,Remote Sensing,rroberts@example.com
Jennifer Bell,Remote Sensing,Climate Communication,Climate Change Adaptation,alison92@example.com
Olivia Hoover,Meteorology,Environmental Economics,Global Warming,charlesjohnson@example.com
Tiffany Hooper,Global Warming,Climate Change Adaptation,Environmental Policy,david91@example.net
Karen Sanchez,Oceanography,Climate Modeling,Renewable Energy,brittanynguyen@example.net
Barbara Harmon,Greenhouse Gas Emissions,Hydrology,Atmospheric Science,jimwilliams@example.org
Tamara Ward,Climate Data Analysis,Climate Modeling,Ecology,william66@example.org
Shaun Hunter,Renewable Energy,Global Warming,Ecology,codycarter@example.org
Pam Robinson,Renewable Energy,Greenhouse Gas Emissions,Ecology,christophermoore@example.net
Karen Smith,Greenhouse Gas Emissions,Ecology,Environmental Policy,cschmidt@example.com
Paige Peters,Paleoclimatology,Carbon Sequestration,Environmental Economics,scottkatherine@example.net
Travis Franklin,Paleoclimatology,Carbon Sequestration,Hydrology,stephanie37@example.org
Charles Rocha,Climate Communication,Environmental Economics,Oceanography,kim91@example.org
Marcia Peters,Greenhouse Gas Emissions,Renewable Energy,Climate Modeling,brentgonzalez@example.net
Heather Parker,Hydrology,Climate Communication,Meteorology,upetersen@example.net
Samantha Johnson,Meteorology,Greenhouse Gas Emissions,Sustainable Development,eford@example.com
Diana Garcia,Environmental Policy,Remote Sensing,Paleoclimatology,ybraun@example.com
Laura Cooper,Climate Change Adaptation,Climate Communication,Oceanography,itaylor@example.org
Craig Collins,Climate Modeling,Climate Data Analysis,Carbon Sequestration,wblake@example.org
Mary Gonzalez,Geophysics,Climate Data Analysis,Carbon Sequestration,davidball@example.org
John Taylor,Climate Change Adaptation,Climate Data Analysis,Climate Risk Assessment,hwolfe@example.org
Donna Powell,Climate Modeling,Atmospheric Science,Hydrology,danielle79@example.net
Amy Bennett,Climate Change Adaptation,Atmospheric Science,Climate Data Analysis,lawrencetracy@example.net
Jeremy Osborne,Renewable Energy,Atmospheric Science,Climate Change Adaptation,lynnanthony@example.org
Amanda Curry,Climate Risk Assessment,Ecology,Climate Data Analysis,mrodriguez@example.org
Ricky House,Environmental Policy,Global Warming,Climate Communication,monique95@example.org
Wayne Villanueva,Renewable Energy,Oceanography,Environmental Policy,ashley60@example.net
Peter Miller,Hydrology,Greenhouse Gas Emissions,Paleoclimatology,msanders@example.org
Virginia Jones,Meteorology,Climate Modeling,Greenhouse Gas Emissions,piercejames@example.org
Lisa Gutierrez,Climate Data Analysis,Climate Communication,Sustainable Development,robertsonrobert@example.org
Michael Powers,Ecology,Geophysics,Renewable Energy,frank32@example.net
Jesse Morton,Sustainable Development,Hydrology,Environmental Policy,dadkins@example.com
Kelly Smith,Oceanography,Greenhouse Gas Emissions,Carbon Sequestration,uwells@example.com
Monica Owens,Climate Data Analysis,Renewable Energy,Climate Risk Assessment,qgarrett@example.net
Barbara Brown,Paleoclimatology,Geophysics,Environmental Policy,patrick90@example.net
Justin Sanchez,Atmospheric Science,Climate Change Adaptation,Meteorology,sandrayoung@example.net
Nathaniel Ray,Environmental Policy,Renewable Energy,Greenhouse Gas Emissions,probbins@example.org
Aaron Leblanc,Greenhouse Gas Emissions,Atmospheric Science,Carbon Sequestration,jonathanperez@example.org
Yvonne Porter,Climate Risk Assessment,Climate Change Adaptation,Remote Sensing,michellemcclain@example.com
Connie Hansen,Global Warming,Geophysics,Greenhouse Gas Emissions,melanie25@example.com
Beth Williams,Greenhouse Gas Emissions,Carbon Sequestration,Global Warming,samantha99@example.org
Roy Lopez,Environmental Economics,Remote Sensing,Ecology,curtisrobertson@example.com
Thomas Taylor,Geophysics,Hydrology,Greenhouse Gas Emissions,benjamin13@example.org
John Taylor,Atmospheric Science,Climate Communication,Geophysics,johnrhodes@example.org
Jonathan Bullock,Hydrology,Climate Risk Assessment,Geophysics,woodlaura@example.com
Willie Pennington,Climate Data Analysis,Hydrology,Meteorology,kathleenwright@example.net
Lisa Murphy,Remote Sensing,Oceanography,Climate Communication,reedkenneth@example.org
Daniel Allen,Oceanography,Remote Sensing,Global Warming,ivansmith@example.org
Carolyn Morrison,Ecology,Renewable Energy,Climate Risk Assessment,colton22@example.org
